person_name,person_birthdate,person_deathdate,person_country,person_geo,person_period,person_tags,event_date,person_age_days,age_years,age_months,age_days_rem,age_label,description_fr,category,subcategory,importance,wikipedia_slug
Wolfgang Amadeus Mozart,1756-01-27,1791-12-05,AT,histoire-europe,xviie-xviiie,musique-opera,1761-01-27,1826,4,11,30,"4 ans, 11 mois et 30 jours",Compose son premier menuet a 5 ans — Leopold note la date avec emotion,arts,creation,5,Wolfgang_Amadeus_Mozart
Wolfgang Amadeus Mozart,1756-01-27,1791-12-05,AT,histoire-europe,xviie-xviiie,musique-opera,1768-01-01,4357,11,11,5,"11 ans, 11 mois et 5 jours",Compose son premier opera La finta semplice a 12 ans — commande imperiale,arts,creation,5,Wolfgang_Amadeus_Mozart
Wolfgang Amadeus Mozart,1756-01-27,1791-12-05,AT,histoire-europe,xviie-xviiie,musique-opera,1772-12-26,6179,16,11,,"16 ans, 11 mois et 0 jour",Cree Lucio Silla a Milan — opera en 3 actes a 16 ans,arts,creation,4,Wolfgang_Amadeus_Mozart
Wolfgang Amadeus Mozart,1756-01-27,1791-12-05,AT,histoire-europe,xviie-xviiie,musique-opera,1778-09-11,8264,22,7,15,"22 ans, 7 mois et 15 jours",Compose la Symphonie Paris n38 pour les Parisiens a 22 ans,arts,creation,4,Wolfgang_Amadeus_Mozart
Wolfgang Amadeus Mozart,1756-01-27,1791-12-05,AT,histoire-europe,xviie-xviiie,musique-opera,1782-07-16,9668,26,5,19,"26 ans, 5 mois et 19 jours",Epouse Constanze Weber contre la volonte de son pere,arts,mariage,3,Wolfgang_Amadeus_Mozart
Wolfgang Amadeus Mozart,1756-01-27,1791-12-05,AT,histoire-europe,xviie-xviiie,musique-opera,1787-05-28,11445,31,4,1,"31 ans, 4 mois et 1 jour",Son pere Leopold meurt — rupture et deuil profond a 31 ans,arts,deuil,4,Wolfgang_Amadeus_Mozart
Wolfgang Amadeus Mozart,1756-01-27,1791-12-05,AT,histoire-europe,xviie-xviiie,musique-opera,1788-06-26,11840,32,4,30,"32 ans, 4 mois et 30 jours",Compose ses 3 dernieres symphonies en 6 semaines — exploit absolu,arts,creation,5,Wolfgang_Amadeus_Mozart
Ludwig van Beethoven,1770-12-17,1827-03-26,DE,histoire-europe,xixe,musique-opera,1778-03-26,2656,7,3,8,"7 ans, 3 mois et 8 jours",Premier concert public a Cologne a 7 ans,arts,concert,4,Ludwig_van_Beethoven
Ludwig van Beethoven,1770-12-17,1827-03-26,DE,histoire-europe,xixe,musique-opera,1783-01-01,4396,12,,13,"12 ans, 0 mois et 13 jours",Publie ses trois sonates WoO 47 a 12 ans — premier chef-d'oeuvre,arts,creation,5,Ludwig_van_Beethoven
Ludwig van Beethoven,1770-12-17,1827-03-26,DE,histoire-europe,xixe,musique-opera,1787-04-01,5949,16,3,13,"16 ans, 3 mois et 13 jours",Rencontre Mozart a Vienne a 16 ans — Mozart predit un grand avenir,arts,rencontre,5,Ludwig_van_Beethoven
Ludwig van Beethoven,1770-12-17,1827-03-26,DE,histoire-europe,xixe,musique-opera,1792-11-10,7999,21,10,24,"21 ans, 10 mois et 24 jours",S'installe a Vienne pour etudier avec Haydn a 21 ans,arts,formation,4,Ludwig_van_Beethoven
Ludwig van Beethoven,1770-12-17,1827-03-26,DE,histoire-europe,xixe,musique-opera,1795-03-29,8868,24,3,10,"24 ans, 3 mois et 10 jours",Premier concert public a Vienne — triomphe a 24 ans,arts,concert,5,Ludwig_van_Beethoven
Ludwig van Beethoven,1770-12-17,1827-03-26,DE,histoire-europe,xixe,musique-opera,1800-04-02,10699,29,3,15,"29 ans, 3 mois et 15 jours",Cree sa 1ere Symphonie au Burgtheater de Vienne,arts,creation,5,Ludwig_van_Beethoven
Ludwig van Beethoven,1770-12-17,1827-03-26,DE,histoire-europe,xixe,musique-opera,1804-05-18,12206,33,5,,"33 ans, 5 mois et 0 jour",Raye le nom de Napoleon de la Heroique — desillusion politique,arts,incident,5,Ludwig_van_Beethoven
Ludwig van Beethoven,1770-12-17,1827-03-26,DE,histoire-europe,xixe,musique-opera,1808-12-22,13885,38,,6,"38 ans, 0 mois et 6 jours",Concert legendaire — 5e Symphonie et 6e Symphonie le meme soir,arts,concert,5,Ludwig_van_Beethoven
Ludwig van Beethoven,1770-12-17,1827-03-26,DE,histoire-europe,xixe,musique-opera,1824-05-07,19500,53,4,20,"53 ans, 4 mois et 20 jours","Cree la 9e Symphonie — sourd total, ne s'entend pas applaudir",arts,creation,5,Ludwig_van_Beethoven
Bob Marley,1945-02-06,1981-05-11,JM,histoire-monde,contemporain,musique-opera,1962-02-01,6204,16,11,25,"16 ans, 11 mois et 25 jours",Enregistre ses premiers titres a Kingston a 17 ans,arts,enregistrement,4,Bob_Marley
Bob Marley,1945-02-06,1981-05-11,JM,histoire-monde,contemporain,musique-opera,1964-01-01,6905,18,10,26,"18 ans, 10 mois et 26 jours",Les Wailers signent avec Studio One — debut professionnel a 19 ans,arts,enregistrement,4,Bob_Marley
Bob Marley,1945-02-06,1981-05-11,JM,histoire-monde,contemporain,musique-opera,1973-04-13,10296,28,2,8,"28 ans, 2 mois et 8 jours",Tourne Catch a Fire — premier album distribue mondialement,arts,publication,5,Bob_Marley
Bob Marley,1945-02-06,1981-05-11,JM,histoire-monde,contemporain,musique-opera,1976-12-03,11626,31,9,30,"31 ans, 9 mois et 30 jours",Tente d'assassinat avant le Smile Jamaica Concert — joue quand meme,arts,attentat,5,Bob_Marley
Bob Marley,1945-02-06,1981-05-11,JM,histoire-monde,contemporain,musique-opera,1977-07-01,11836,32,4,26,"32 ans, 4 mois et 26 jours",Diagnostique d'un melanome — refuse l'amputation pour raisons religieuses,arts,sante,4,Bob_Marley
Bob Marley,1945-02-06,1981-05-11,JM,histoire-monde,contemporain,musique-opera,1980-09-23,13016,35,7,19,"35 ans, 7 mois et 19 jours",Dernier concert a Pittsburgh — s'effondre le lendemain en joggant,arts,concert,5,Bob_Marley
Frédéric Chopin,1810-03-01,1849-10-17,PL,histoire-europe,xixe,musique-opera,1817-01-01,2496,6,10,,"6 ans, 10 mois et 0 jour",Compose sa premiere polonaise a 7 ans — Leopold note sa precocite,arts,creation,5,Frédéric_Chopin
Frédéric Chopin,1810-03-01,1849-10-17,PL,histoire-europe,xixe,musique-opera,1818-02-24,2914,7,11,23,"7 ans, 11 mois et 23 jours",Premier concert public a Varsovie a 8 ans devant l'aristocratie,arts,concert,5,Frédéric_Chopin
Frédéric Chopin,1810-03-01,1849-10-17,PL,histoire-europe,xixe,musique-opera,1825-06-01,5571,15,3,1,"15 ans, 3 mois et 1 jour",Publie ses premieres oeuvres a 15 ans — reconnaissance officielle,arts,publication,4,Frédéric_Chopin
Frédéric Chopin,1810-03-01,1849-10-17,PL,histoire-europe,xixe,musique-opera,1830-11-29,7578,20,8,29,"20 ans, 8 mois et 29 jours",Quitte Varsovie pour toujours a 20 ans — insurrection polonaise,arts,depart,5,Frédéric_Chopin
Vincent van Gogh,1853-03-30,1890-07-29,NL,histoire-europe,xixe,arts-peinture,1869-07-30,5966,16,4,,"16 ans, 4 mois et 0 jour",Commence a travailler comme vendeur d'art a La Haye a 16 ans,arts,debut,3,Vincent_van_Gogh
Vincent van Gogh,1853-03-30,1890-07-29,NL,histoire-europe,xixe,arts-peinture,1876-04-01,8403,23,,3,"23 ans, 0 mois et 3 jours",Devient instituteur en Angleterre — cherche sa voie a 23 ans,arts,formation,2,Vincent_van_Gogh
Vincent van Gogh,1853-03-30,1890-07-29,NL,histoire-europe,xixe,arts-peinture,1878-12-01,9377,25,8,2,"25 ans, 8 mois et 2 jours",Part comme missionnaire dans le Borinage belge a 25 ans,spirituel,mission,3,Vincent_van_Gogh
Vincent van Gogh,1853-03-30,1890-07-29,NL,histoire-europe,xixe,arts-peinture,1885-04-01,11690,32,,2,"32 ans, 0 mois et 2 jours",Peint Les Mangeurs de pommes de terre — premier grand tableau,arts,oeuvre,5,Vincent_van_Gogh
Charles Darwin,1809-02-12,1882-04-19,GB,histoire-europe,xixe,science-medecine,1825-10-01,6078,16,7,20,"16 ans, 7 mois et 20 jours",Entre a l'universite d'Edimbourg pour etudier la medecine a 16 ans,science,formation,3,Charles_Darwin
Charles Darwin,1809-02-12,1882-04-19,GB,histoire-europe,xixe,science-medecine,1827-10-15,6822,18,8,4,"18 ans, 8 mois et 4 jours",Entre a Cambridge pour etudier la theologie a 18 ans,science,formation,3,Charles_Darwin
Charles Darwin,1809-02-12,1882-04-19,GB,histoire-europe,xixe,science-medecine,1836-10-02,10097,27,7,22,"27 ans, 7 mois et 22 jours",Retour du Beagle a Falmouth — 5 ans de voyage transformateurs a 27 ans,science,retour,5,Charles_Darwin
Napoléon Bonaparte,1769-08-15,1821-05-05,FR,histoire-france,xixe,"politique,guerre-militaire",1779-01-01,3424,9,4,15,"9 ans, 4 mois et 15 jours",Entre a l'ecole militaire de Brienne a 9 ans — seul Corse parmi les Francais,guerre,formation,4,Napoléon_Ier
Napoléon Bonaparte,1769-08-15,1821-05-05,FR,histoire-france,xixe,"politique,guerre-militaire",1785-09-01,5861,16,,17,"16 ans, 0 mois et 17 jours",Sort de l'Ecole militaire de Paris — sous-lieutenant a 16 ans,guerre,diplome,5,Napoléon_Ier
Napoléon Bonaparte,1769-08-15,1821-05-05,FR,histoire-france,xixe,"politique,guerre-militaire",1789-07-14,7273,19,10,29,"19 ans, 10 mois et 29 jours",Temoin de la prise de la Bastille a Paris a 19 ans,pouvoir,temoin,4,Napoléon_Ier
Napoléon Bonaparte,1769-08-15,1821-05-05,FR,histoire-france,xixe,"politique,guerre-militaire",1803-05-03,12314,33,8,17,"33 ans, 8 mois et 17 jours",Vend la Louisiane aux Etats-Unis — finance ses guerres,pouvoir,diplomatie,4,Napoléon_Ier
Napoléon Bonaparte,1769-08-15,1821-05-05,FR,histoire-france,xixe,"politique,guerre-militaire",1809-07-05,14569,39,10,20,"39 ans, 10 mois et 20 jours",Victoire de Wagram — sa derniere grande victoire absolue,guerre,bataille,4,Napoléon_Ier
Napoléon Bonaparte,1769-08-15,1821-05-05,FR,histoire-france,xixe,"politique,guerre-militaire",1814-04-06,16305,44,7,20,"44 ans, 7 mois et 20 jours",Abdique a Fontainebleau — premier exil a l'Ile d'Elbe,pouvoir,abdication,5,Napoléon_Ier
Napoléon Bonaparte,1769-08-15,1821-05-05,FR,histoire-france,xixe,"politique,guerre-militaire",1815-03-20,16653,45,7,3,"45 ans, 7 mois et 3 jours",Retour des Cent-Jours — entre a Paris sans un coup de feu,pouvoir,retour,5,Napoléon_Ier
Josephine Baker,1906-06-03,1975-04-12,US,histoire-france,xxe,"cinema-theatre,musique-opera",1917-01-01,3863,10,6,28,"10 ans, 6 mois et 28 jours",Commence a danser dans les rues de Saint-Louis a 11 ans pour survivre,arts,debut,4,Joséphine_Baker
Josephine Baker,1906-06-03,1975-04-12,US,histoire-france,xxe,"cinema-theatre,musique-opera",1925-10-02,7061,19,4,,"19 ans, 4 mois et 0 jour",Triomphe a Paris dans La Revue negre a 19 ans — sensation mondiale,arts,debut,5,Joséphine_Baker
Josephine Baker,1906-06-03,1975-04-12,US,histoire-france,xxe,"cinema-theatre,musique-opera",1926-05-25,7296,19,11,22,"19 ans, 11 mois et 22 jours",La Danse banane au Folies Bergere — icone mondiale a 19 ans,arts,concert,5,Joséphine_Baker
Josephine Baker,1906-06-03,1975-04-12,US,histoire-france,xxe,"cinema-theatre,musique-opera",1937-11-30,11503,31,5,28,"31 ans, 5 mois et 28 jours",Obtient la nationalite francaise — choisit la France,arts,nationalite,4,Joséphine_Baker
Josephine Baker,1906-06-03,1975-04-12,US,histoire-france,xxe,"cinema-theatre,musique-opera",1940-10-01,12539,34,3,29,"34 ans, 3 mois et 29 jours",S'engage dans la Resistance francaise — espionne pour de Gaulle,guerre,resistance,5,Joséphine_Baker
Josephine Baker,1906-06-03,1975-04-12,US,histoire-france,xxe,"cinema-theatre,musique-opera",1961-08-28,20175,55,2,26,"55 ans, 2 mois et 26 jours",Parle a la Marche sur Washington aux cotes de Martin Luther King,pouvoir,discours,5,Joséphine_Baker
Josephine Baker,1906-06-03,1975-04-12,US,histoire-france,xxe,"cinema-theatre,musique-opera",1975-04-12,25150,68,10,8,"68 ans, 10 mois et 8 jours",Meurt a Paris a 68 ans — 4 jours apres son triomphe aux Folies,arts,mort,5,Joséphine_Baker
Nina Simone,1933-02-21,2003-04-21,US,histoire-usa,contemporain,musique-opera,1940-01-01,2507,6,10,11,"6 ans, 10 mois et 11 jours",Donne ses premiers recitals de piano a l'eglise a 6 ans,arts,debut,3,Nina_Simone
Nina Simone,1933-02-21,2003-04-21,US,histoire-usa,contemporain,musique-opera,1950-09-01,6404,17,6,12,"17 ans, 6 mois et 12 jours",Candidate au Curtis Institute of Philadelphia — refusee pour raisons raciales,arts,refus,5,Nina_Simone
Nina Simone,1933-02-21,2003-04-21,US,histoire-usa,contemporain,musique-opera,1958-10-01,9356,25,7,11,"25 ans, 7 mois et 11 jours",Enregistre I Loves You Porgy — succes immediat a 25 ans,arts,enregistrement,5,Nina_Simone
Nina Simone,1933-02-21,2003-04-21,US,histoire-usa,contemporain,musique-opera,1964-08-01,11487,31,5,12,"31 ans, 5 mois et 12 jours",Compose Mississippi Goddam — apres l'assassinat de Medgar Evers,arts,engagement,5,Nina_Simone
Nina Simone,1933-02-21,2003-04-21,US,histoire-usa,contemporain,musique-opera,1976-01-01,15656,42,10,11,"42 ans, 10 mois et 11 jours",S'exile en Europe — quitte les Etats-Unis pour toujours,arts,exil,4,Nina_Simone
Nina Simone,1933-02-21,2003-04-21,US,histoire-usa,contemporain,musique-opera,2003-04-21,25629,70,2,1,"70 ans, 2 mois et 1 jour",Meurt a Carry-le-Rouet en France a 70 ans,arts,mort,4,Nina_Simone
Simon Bolivar,1783-07-24,1830-12-17,VE,amerique-latine,xixe,"politique,guerre-militaire",1799-01-01,5638,15,5,7,"15 ans, 5 mois et 7 jours",Part en Europe pour sa formation a 15 ans — Madrid puis Paris,pouvoir,formation,3,Simón_Bolívar
Simon Bolivar,1783-07-24,1830-12-17,VE,amerique-latine,xixe,"politique,guerre-militaire",1805-08-15,8058,22,,23,"22 ans, 0 mois et 23 jours",Jure sur le mont Sacre de Rome de liberer l'Amerique latine a 21 ans,pouvoir,serment,5,Simón_Bolívar
Simon Bolivar,1783-07-24,1830-12-17,VE,amerique-latine,xixe,"politique,guerre-militaire",1813-08-06,10971,30,,14,"30 ans, 0 mois et 14 jours",Entre a Caracas en liberateur — proclame la 2e Republique venezuelienne,pouvoir,victoire,5,Simón_Bolívar
Simon Bolivar,1783-07-24,1830-12-17,VE,amerique-latine,xixe,"politique,guerre-militaire",1819-08-07,13163,36,,14,"36 ans, 0 mois et 14 jours",Victoire de Boyaca — libere la Colombie a 35 ans,guerre,bataille,5,Simón_Bolívar
Simon Bolivar,1783-07-24,1830-12-17,VE,amerique-latine,xixe,"politique,guerre-militaire",1821-06-24,13850,37,11,1,"37 ans, 11 mois et 1 jour",Victoire de Carabobo — independance du Venezuela,guerre,bataille,5,Simón_Bolívar
Simon Bolivar,1783-07-24,1830-12-17,VE,amerique-latine,xixe,"politique,guerre-militaire",1824-12-09,15114,41,4,17,"41 ans, 4 mois et 17 jours",Victoire d'Ayacucho — derniere bataille de l'independance sud-americaine,guerre,bataille,5,Simón_Bolívar
Simon Bolivar,1783-07-24,1830-12-17,VE,amerique-latine,xixe,"politique,guerre-militaire",1830-12-17,17313,47,4,25,"47 ans, 4 mois et 25 jours",Meurt a Santa Marta a 47 ans — decoit par ses propres republiques,pouvoir,mort,5,Simón_Bolívar
Che Guevara,1928-06-14,1967-10-09,AR,amerique-latine,xxe,"politique,guerre-militaire",1948-03-01,7200,19,8,17,"19 ans, 8 mois et 17 jours",Entre a la faculte de medecine de Buenos Aires a 19 ans,science,formation,3,Che_Guevara
Che Guevara,1928-06-14,1967-10-09,AR,amerique-latine,xxe,"politique,guerre-militaire",1952-01-04,8603,23,6,20,"23 ans, 6 mois et 20 jours",Commence son voyage a moto a travers l'Amerique latine a 23 ans,exploration,voyage,5,Che_Guevara
Che Guevara,1928-06-14,1967-10-09,AR,amerique-latine,xxe,"politique,guerre-militaire",1955-07-08,9885,27,,24,"27 ans, 0 mois et 24 jours",Rencontre Fidel Castro a Mexico — tournant de sa vie a 27 ans,pouvoir,rencontre,5,Che_Guevara
Che Guevara,1928-06-14,1967-10-09,AR,amerique-latine,xxe,"politique,guerre-militaire",1959-01-02,11157,30,6,17,"30 ans, 6 mois et 17 jours",Entre a La Havane avec Castro — revolution cubaine victorieuse a 30 ans,pouvoir,victoire,5,Che_Guevara
Che Guevara,1928-06-14,1967-10-09,AR,amerique-latine,xxe,"politique,guerre-militaire",1965-04-01,13440,36,9,17,"36 ans, 9 mois et 17 jours",Quitte Cuba secretement pour exporter la revolution en Afrique,pouvoir,depart,4,Che_Guevara
Che Guevara,1928-06-14,1967-10-09,AR,amerique-latine,xxe,"politique,guerre-militaire",1967-10-09,14361,39,3,25,"39 ans, 3 mois et 25 jours",Capture et execute en Bolivie a 39 ans — devient icone mondiale,pouvoir,mort,5,Che_Guevara
Rosa Luxemburg,1871-03-05,1919-01-15,PL,histoire-europe,xxe,politique,1887-01-01,5779,15,9,27,"15 ans, 9 mois et 27 jours",Rejoint le parti socialiste polonais clandestinement a 16 ans,pouvoir,engagement,5,Rosa_Luxemburg
Rosa Luxemburg,1871-03-05,1919-01-15,PL,histoire-europe,xxe,politique,1898-05-19,9937,27,2,15,"27 ans, 2 mois et 15 jours",Obtient son doctorat en economie a Zurich a 27 ans,science,diplome,4,Rosa_Luxemburg
Rosa Luxemburg,1871-03-05,1919-01-15,PL,histoire-europe,xxe,politique,1905-12-28,12717,34,9,25,"34 ans, 9 mois et 25 jours",Arretee lors de la revolution russe de 1905 a Varsovie,pouvoir,arrestation,4,Rosa_Luxemburg
Rosa Luxemburg,1871-03-05,1919-01-15,PL,histoire-europe,xxe,politique,1916-07-01,16555,45,3,27,"45 ans, 3 mois et 27 jours",Emprisonnee pour avoir appele les soldats a desobeir,pouvoir,emprisonnement,4,Rosa_Luxemburg
Rosa Luxemburg,1871-03-05,1919-01-15,PL,histoire-europe,xxe,politique,1919-01-15,17481,47,10,10,"47 ans, 10 mois et 10 jours",Assassinee par des militaires a Berlin a 47 ans,pouvoir,mort,5,Rosa_Luxemburg
Nikola Tesla,1856-07-10,1943-01-07,RS,histoire-europe,xxe,science-medecine,1875-01-01,6747,18,5,20,"18 ans, 5 mois et 20 jours",Entre au Polytechnique de Graz a 19 ans — obsede par l'electricite,science,formation,4,Nikola_Tesla
Nikola Tesla,1856-07-10,1943-01-07,RS,histoire-europe,xxe,science-medecine,1882-01-01,9304,25,5,20,"25 ans, 5 mois et 20 jours",Invente le moteur a courant alternatif lors d'une promenade a 25 ans,science,invention,5,Nikola_Tesla
Nikola Tesla,1856-07-10,1943-01-07,RS,histoire-europe,xxe,science-medecine,1884-06-06,10193,27,10,27,"27 ans, 10 mois et 27 jours",Arrive a New York — travaille pour Edison qui le volera a 27 ans,science,arrivee,4,Nikola_Tesla
Nikola Tesla,1856-07-10,1943-01-07,RS,histoire-europe,xxe,science-medecine,1891-07-30,12803,35,,20,"35 ans, 0 mois et 20 jours",Invente la bobine Tesla — demonstration spectaculaire a 35 ans,science,invention,5,Nikola_Tesla
Nikola Tesla,1856-07-10,1943-01-07,RS,histoire-europe,xxe,science-medecine,1899-06-01,15666,42,10,21,"42 ans, 10 mois et 21 jours",Experiences a Colorado Springs — cree des eclairs artificiels,science,experience,4,Nikola_Tesla
Nikola Tesla,1856-07-10,1943-01-07,RS,histoire-europe,xxe,science-medecine,1943-01-07,31590,86,5,26,"86 ans, 5 mois et 26 jours",Meurt seul et ruine a New York a 86 ans — genie incompris,science,mort,5,Nikola_Tesla
Cleopatre VII,-0069-01-01,-0030-08-12,EG,histoire-monde,antiquite,politique,-0051-01-01,6575,18,,1,"18 ans, 0 mois et 1 jour",Devient reine d'Egypte a 18 ans a la mort de son pere,pouvoir,couronnement,5,Cléopâtre_VII
Cleopatre VII,-0069-01-01,-0030-08-12,EG,histoire-monde,antiquite,politique,-0048-10-01,7946,21,9,2,"21 ans, 9 mois et 2 jours",Rencontre Jules Cesar a Alexandrie — alliance decisive a 21 ans,pouvoir,rencontre,5,Cléopâtre_VII
Cleopatre VII,-0069-01-01,-0030-08-12,EG,histoire-monde,antiquite,politique,-0047-06-23,8211,22,5,23,"22 ans, 5 mois et 23 jours",Donne naissance a Cesarion — fils de Cesar a 22 ans,pouvoir,naissance,4,Cléopâtre_VII
Cleopatre VII,-0069-01-01,-0030-08-12,EG,histoire-monde,antiquite,politique,-0041-01-01,10227,28,,,"28 ans, 0 mois et 0 jour",Rencontre Marc Antoine a Tarse — nouvelle alliance,pouvoir,rencontre,5,Cléopâtre_VII
Cleopatre VII,-0069-01-01,-0030-08-12,EG,histoire-monde,antiquite,politique,-0031-09-02,14126,38,8,3,"38 ans, 8 mois et 3 jours",Defaite navale d'Actium contre Octave — fin du reve,guerre,bataille,5,Cléopâtre_VII
Cleopatre VII,-0069-01-01,-0030-08-12,EG,histoire-monde,antiquite,politique,-0030-08-12,14470,39,7,12,"39 ans, 7 mois et 12 jours",Se suicide a Alexandrie a 39 ans — fin de l'Egypte independante,pouvoir,mort,5,Cléopâtre_VII
Confucius,-0551-09-28,-0479-04-11,CN,asie,antiquite,philosophie,-0533-01-01,6302,17,3,1,"17 ans, 3 mois et 1 jour",Epouse a 19 ans et devient fonctionnaire local,philosophie,debut,2,Confucius
Confucius,-0551-09-28,-0479-04-11,CN,asie,antiquite,philosophie,-0522-01-01,10320,28,3,1,"28 ans, 3 mois et 1 jour",Ouvre sa premiere ecole — accueille les eleves sans condition a 29 ans,philosophie,fondation,5,Confucius
Confucius,-0551-09-28,-0479-04-11,CN,asie,antiquite,philosophie,-0501-01-01,17990,49,3,1,"49 ans, 3 mois et 1 jour",Nomme ministre de la Justice de l'Etat de Lu a 50 ans,pouvoir,nomination,4,Confucius
Confucius,-0551-09-28,-0479-04-11,CN,asie,antiquite,philosophie,-0497-01-01,19451,53,3,1,"53 ans, 3 mois et 1 jour",S'exile avec ses disciples — 13 ans de peregrinationsphilosophiques,philosophie,exil,5,Confucius
Confucius,-0551-09-28,-0479-04-11,CN,asie,antiquite,philosophie,-0479-04-11,26128,71,6,13,"71 ans, 6 mois et 13 jours",Meurt a 72 ans — ses disciples compilent ses Entretiens,philosophie,mort,5,Confucius
Averroes,1126-04-14,1198-12-10,ES,histoire-europe,moyen-age,"philosophie,science-medecine",1153-01-01,9757,26,8,17,"26 ans, 8 mois et 17 jours",Etudie la philosophie et la medecine a Marrakech a 27 ans,philosophie,formation,3,Averroès
Averroes,1126-04-14,1198-12-10,ES,histoire-europe,moyen-age,"philosophie,science-medecine",1169-01-01,15601,42,8,17,"42 ans, 8 mois et 17 jours",Nomme medecin de la cour du calife a Marrakech a 43 ans,science,nomination,4,Averroès
Averroes,1126-04-14,1198-12-10,ES,histoire-europe,moyen-age,"philosophie,science-medecine",1180-01-01,19619,53,8,17,"53 ans, 8 mois et 17 jours",Redige son Grand Commentaire d'Aristote — oeuvre fondatrice,philosophie,publication,5,Averroès
Averroes,1126-04-14,1198-12-10,ES,histoire-europe,moyen-age,"philosophie,science-medecine",1195-01-01,25097,68,8,16,"68 ans, 8 mois et 16 jours",Persecute et exile par le calife sous pression des theologiens,philosophie,exil,4,Averroès
Averroes,1126-04-14,1198-12-10,ES,histoire-europe,moyen-age,"philosophie,science-medecine",1198-12-10,26538,72,7,26,"72 ans, 7 mois et 26 jours",Meurt a Marrakech a 72 ans — influence toute la scolastique europeenne,philosophie,mort,5,Averroès
Edith Piaf,1915-12-19,1963-10-11,FR,histoire-france,xxe,musique-opera,1925-01-01,3299,9,,12,"9 ans, 0 mois et 12 jours",Chante dans les rues de Paris avec son pere acrobate a 9 ans,arts,debut,4,Édith_Piaf
Edith Piaf,1915-12-19,1963-10-11,FR,histoire-france,xxe,musique-opera,1935-10-24,7249,19,10,5,"19 ans, 10 mois et 5 jours",Decouverte par Louis Leplee sur les Champs-Elysees a 19 ans,arts,decouverte,5,Édith_Piaf
Edith Piaf,1915-12-19,1963-10-11,FR,histoire-france,xxe,musique-opera,1946-10-14,11257,30,9,26,"30 ans, 9 mois et 26 jours",Enregistre La Vie en rose — chanson symbole de la France,arts,enregistrement,5,Édith_Piaf
Edith Piaf,1915-12-19,1963-10-11,FR,histoire-france,xxe,musique-opera,1948-06-01,11853,32,5,12,"32 ans, 5 mois et 12 jours",Tombe amoureuse du boxeur Marcel Cerdan — passion tragique,arts,rencontre,4,Édith_Piaf
Edith Piaf,1915-12-19,1963-10-11,FR,histoire-france,xxe,musique-opera,1949-10-28,12367,33,10,9,"33 ans, 10 mois et 9 jours",Mort de Cerdan dans un crash d'avion — deuil devastateur,arts,deuil,5,Édith_Piaf
Edith Piaf,1915-12-19,1963-10-11,FR,histoire-france,xxe,musique-opera,1960-10-12,16369,44,9,24,"44 ans, 9 mois et 24 jours",Cree Non je ne regrette rien — renaissance apres les epreuves,arts,enregistrement,5,Édith_Piaf
Edith Piaf,1915-12-19,1963-10-11,FR,histoire-france,xxe,musique-opera,1963-10-11,17463,47,9,23,"47 ans, 9 mois et 23 jours",Meurt a Grasse a 47 ans — toute la France en deuil,arts,mort,5,Édith_Piaf
Zinedine Zidane,1972-06-23,,FR,histoire-france,contemporain,sport-football,1989-05-20,6175,16,10,26,"16 ans, 10 mois et 26 jours",Signe son premier contrat professionnel avec Cannes a 16 ans,sport,debut,5,Zinedine_Zidane
Zinedine Zidane,1972-06-23,,FR,histoire-france,contemporain,sport-football,1994-08-01,8074,22,1,8,"22 ans, 1 mois et 8 jours",Rejoint la Gironde de Bordeaux — commence a briller a 22 ans,sport,transfert,3,Zinedine_Zidane
Zinedine Zidane,1972-06-23,,FR,histoire-france,contemporain,sport-football,1998-07-12,9515,26,,19,"26 ans, 0 mois et 19 jours",Marque 2 buts en finale de Coupe du Monde — champion du monde a 26 ans,sport,coupe-monde,5,Zinedine_Zidane
Zinedine Zidane,1972-06-23,,FR,histoire-france,contemporain,sport-football,2000-07-02,10236,28,,9,"28 ans, 0 mois et 9 jours",Elu meilleur joueur du monde par la FIFA pour la 2e fois,sport,distinction,4,Zinedine_Zidane
Zinedine Zidane,1972-06-23,,FR,histoire-france,contemporain,sport-football,2001-07-09,10608,29,,16,"29 ans, 0 mois et 16 jours",Transfert record au Real Madrid — 73 millions d'euros,sport,transfert,5,Zinedine_Zidane
Zinedine Zidane,1972-06-23,,FR,histoire-france,contemporain,sport-football,2002-05-15,10918,29,10,21,"29 ans, 10 mois et 21 jours",Geste sublime en finale de Ligue des Champions — vollee de legende,sport,ldc,5,Zinedine_Zidane
Zinedine Zidane,1972-06-23,,FR,histoire-france,contemporain,sport-football,2006-07-09,12434,34,,16,"34 ans, 0 mois et 16 jours",Coup de tete sur Materazzi en finale du Monde — derniere image,sport,incident,5,Zinedine_Zidane
Michel Platini,1955-06-21,,FR,histoire-france,contemporain,sport-football,1972-01-01,6037,16,6,10,"16 ans, 6 mois et 10 jours",Debute en professionnel avec Nancy a 16 ans,sport,debut,5,Michel_Platini
Michel Platini,1955-06-21,,FR,histoire-france,contemporain,sport-football,1983-07-01,10237,28,,10,"28 ans, 0 mois et 10 jours",Rejoint la Juventus de Turin — debut de la periode dorée,sport,transfert,4,Michel_Platini
Michel Platini,1955-06-21,,FR,histoire-france,contemporain,sport-football,1984-07-27,10629,29,1,6,"29 ans, 1 mois et 6 jours",Champion d'Europe avec la France — Ballon d'Or la meme annee,sport,distinction,5,Michel_Platini
Michel Platini,1955-06-21,,FR,histoire-france,contemporain,sport-football,1985-05-29,10935,29,11,8,"29 ans, 11 mois et 8 jours",Catastrophe du Heysel — finale de la C1 endeuilllee a 29 ans,sport,drame,5,Michel_Platini
Michel Platini,1955-06-21,,FR,histoire-france,contemporain,sport-football,1985-12-01,11121,30,5,11,"30 ans, 5 mois et 11 jours",Elu Ballon d'Or pour la 3e fois consecutive — record absolu,sport,distinction,5,Michel_Platini
Michel Platini,1955-06-21,,FR,histoire-france,contemporain,sport-football,1987-05-17,11653,31,10,26,"31 ans, 10 mois et 26 jours",Se retire a 31 ans apres avoir tout gagne,sport,retraite,4,Michel_Platini
Ayrton Senna,1960-03-21,1994-05-01,BR,histoire-monde,contemporain,sport-jo,1977-01-01,6128,16,9,10,"16 ans, 9 mois et 10 jours",Commence le karting a 17 ans au Bresil — premier titre,sport,debut,4,Ayrton_Senna
Ayrton Senna,1960-03-21,1994-05-01,BR,histoire-monde,contemporain,sport-jo,1984-04-08,8784,24,,18,"24 ans, 0 mois et 18 jours",Premiere course en F1 avec Toleman a 24 ans — quasi-victoire Monaco,sport,f1,5,Ayrton_Senna
Ayrton Senna,1960-03-21,1994-05-01,BR,histoire-monde,contemporain,sport-jo,1988-10-30,10450,28,7,9,"28 ans, 7 mois et 9 jours",Champion du monde avec McLaren Honda a 28 ans,sport,f1,5,Ayrton_Senna
Ayrton Senna,1960-03-21,1994-05-01,BR,histoire-monde,contemporain,sport-jo,1989-10-22,10807,29,7,1,"29 ans, 7 mois et 1 jour",Collision avec Prost a Suzuka — titre vole selon lui,sport,incident,4,Ayrton_Senna
Ayrton Senna,1960-03-21,1994-05-01,BR,histoire-monde,contemporain,sport-jo,1991-10-20,11535,31,6,30,"31 ans, 6 mois et 30 jours",3e titre mondial — pole position record de 65 en carriere,sport,f1,5,Ayrton_Senna
Ayrton Senna,1960-03-21,1994-05-01,BR,histoire-monde,contemporain,sport-jo,1994-05-01,12459,34,1,10,"34 ans, 1 mois et 10 jours",Meurt a Imola a 34 ans lors du Grand Prix de Saint-Marin,sport,mort,5,Ayrton_Senna
Usain Bolt,1986-08-21,,JM,histoire-monde,contemporain,sport-jo,2002-08-07,5830,15,11,17,"15 ans, 11 mois et 17 jours",Champion du monde junior du 200m a 15 ans — plus jeune de l'histoire,sport,jo,5,Usain_Bolt
Usain Bolt,1986-08-21,,JM,histoire-monde,contemporain,sport-jo,2004-08-21,6575,18,,1,"18 ans, 0 mois et 1 jour",Participe aux JO d'Athenes a 17 ans — elimine en 1er tour,sport,jo,3,Usain_Bolt
Usain Bolt,1986-08-21,,JM,histoire-monde,contemporain,sport-jo,2008-08-16,8031,21,11,26,"21 ans, 11 mois et 26 jours",Record du monde du 100m a Pekin — 9.69 puis 9.58 s,sport,jo,5,Usain_Bolt
Usain Bolt,1986-08-21,,JM,histoire-monde,contemporain,sport-jo,2012-08-09,9485,25,11,19,"25 ans, 11 mois et 19 jours",Triple triple aux JO de Londres — 100m 200m relais,sport,jo,5,Usain_Bolt
Usain Bolt,1986-08-21,,JM,histoire-monde,contemporain,sport-jo,2016-08-14,10951,29,11,24,"29 ans, 11 mois et 24 jours",Triple triple aux JO de Rio — 8 medailles d'or olympiques,sport,jo,5,Usain_Bolt
Usain Bolt,1986-08-21,,JM,histoire-monde,contemporain,sport-jo,2017-08-12,11314,30,11,22,"30 ans, 11 mois et 22 jours",Se retire apres les Mondiaux de Londres a 30 ans,sport,retraite,4,Usain_Bolt
Roger Federer,1981-08-08,,CH,histoire-monde,contemporain,sport-tennis,1998-07-05,6175,16,10,26,"16 ans, 10 mois et 26 jours",Remporte Wimbledon juniors a 16 ans,sport,grand-chelem,4,Roger_Federer
Roger Federer,1981-08-08,,CH,histoire-monde,contemporain,sport-tennis,1999-07-05,6540,17,10,26,"17 ans, 10 mois et 26 jours",Bat Pete Sampras a Wimbledon a 17 ans — sensation mondiale,sport,grand-chelem,5,Roger_Federer
Roger Federer,1981-08-08,,CH,histoire-monde,contemporain,sport-tennis,2003-07-06,8002,21,10,27,"21 ans, 10 mois et 27 jours",Premier titre a Wimbledon a 21 ans — debut d'une ere,sport,grand-chelem,5,Roger_Federer
Roger Federer,1981-08-08,,CH,histoire-monde,contemporain,sport-tennis,2004-01-25,8204,22,5,16,"22 ans, 5 mois et 16 jours",Numero 1 mondial pour la premiere fois,sport,distinction,4,Roger_Federer
Roger Federer,1981-08-08,,CH,histoire-monde,contemporain,sport-tennis,2006-07-09,9101,24,11,,"24 ans, 11 mois et 0 jour",4e Wimbledon consecutif — domination absolue,sport,grand-chelem,5,Roger_Federer
Roger Federer,1981-08-08,,CH,histoire-monde,contemporain,sport-tennis,2009-06-07,10165,27,9,30,"27 ans, 9 mois et 30 jours",Remporte Roland-Garros — complete le Grand Chelem en carriere,sport,grand-chelem,5,Roger_Federer
Roger Federer,1981-08-08,,CH,histoire-monde,contemporain,sport-tennis,2017-07-16,13126,35,11,8,"35 ans, 11 mois et 8 jours",20e Grand Chelem a Wimbledon a 35 ans — record absolu,sport,grand-chelem,5,Roger_Federer
Roger Federer,1981-08-08,,CH,histoire-monde,contemporain,sport-tennis,2022-09-23,15021,41,1,15,"41 ans, 1 mois et 15 jours",Se retire a 41 ans apres la Laver Cup a Geneve,sport,retraite,5,Roger_Federer
Rafael Nadal,1986-06-03,,ES,histoire-monde,contemporain,sport-tennis,2003-04-29,6174,16,10,25,"16 ans, 10 mois et 25 jours",Devient professionnel a 15 ans et gagne son premier match ATP,sport,debut,4,Rafael_Nadal
Rafael Nadal,1986-06-03,,ES,histoire-monde,contemporain,sport-tennis,2005-06-05,6942,19,,3,"19 ans, 0 mois et 3 jours",Remporte Roland-Garros a 19 ans — debut de son regne sur la terre,sport,grand-chelem,5,Rafael_Nadal
Rafael Nadal,1986-06-03,,ES,histoire-monde,contemporain,sport-tennis,2008-07-06,8069,22,1,3,"22 ans, 1 mois et 3 jours",Bat Federer a Wimbledon — la plus grande finale de l'histoire,sport,grand-chelem,5,Rafael_Nadal
Rafael Nadal,1986-06-03,,ES,histoire-monde,contemporain,sport-tennis,2010-06-06,8769,24,,3,"24 ans, 0 mois et 3 jours",14e Grand Chelem a Roland-Garros — record de titres sur une surface,sport,grand-chelem,5,Rafael_Nadal
Rafael Nadal,1986-06-03,,ES,histoire-monde,contemporain,sport-tennis,2022-06-05,13151,36,,2,"36 ans, 0 mois et 2 jours",22e Grand Chelem a Roland-Garros a 36 ans malgre une blessure,sport,grand-chelem,5,Rafael_Nadal
Rafael Nadal,1986-06-03,,ES,histoire-monde,contemporain,sport-tennis,2024-11-19,14049,38,5,17,"38 ans, 5 mois et 17 jours",Se retire a 38 ans lors de la Coupe Davis a Malaga,sport,retraite,5,Rafael_Nadal
Novak Djokovic,1987-05-22,,RS,histoire-monde,contemporain,sport-tennis,2003-07-01,5884,16,1,9,"16 ans, 1 mois et 9 jours",Devient professionnel a 16 ans,sport,debut,3,Novak_Djokovic
Novak Djokovic,1987-05-22,,RS,histoire-monde,contemporain,sport-tennis,2008-01-27,7554,20,8,5,"20 ans, 8 mois et 5 jours",Remporte l'Open d'Australie a 20 ans — premier Grand Chelem,sport,grand-chelem,5,Novak_Djokovic
Novak Djokovic,1987-05-22,,RS,histoire-monde,contemporain,sport-tennis,2011-07-03,8808,24,1,11,"24 ans, 1 mois et 11 jours",Wimbledon — annee parfaite avec 3 Grand Chelems et 70 victoires,sport,grand-chelem,5,Novak_Djokovic
Novak Djokovic,1987-05-22,,RS,histoire-monde,contemporain,sport-tennis,2016-06-05,10607,29,,15,"29 ans, 0 mois et 15 jours",Remporte Roland-Garros — detient les 4 Grand Chelems simultanement,sport,grand-chelem,5,Novak_Djokovic
Novak Djokovic,1987-05-22,,RS,histoire-monde,contemporain,sport-tennis,2023-06-11,13169,36,,20,"36 ans, 0 mois et 20 jours",23e Grand Chelem a Roland-Garros — depasse Nadal et Federer,sport,grand-chelem,5,Novak_Djokovic
Novak Djokovic,1987-05-22,,RS,histoire-monde,contemporain,sport-tennis,2024-08-04,13589,37,2,14,"37 ans, 2 mois et 14 jours",Champion olympique a Paris a 37 ans — seul titre manquant,sport,jo,5,Novak_Djokovic
Lionel Messi,1987-06-24,,AR,histoire-monde,contemporain,sport-football,2000-09-17,4834,13,2,25,"13 ans, 2 mois et 25 jours",Signe avec le FC Barcelone a 13 ans — le club paie son traitement hormonal,sport,debut,5,Lionel_Messi
Lionel Messi,1987-06-24,,AR,histoire-monde,contemporain,sport-football,2004-10-16,6324,17,3,23,"17 ans, 3 mois et 23 jours",Premiere apparition en Liga a 17 ans,sport,debut,4,Lionel_Messi
Lionel Messi,1987-06-24,,AR,histoire-monde,contemporain,sport-football,2009-05-27,8008,21,11,3,"21 ans, 11 mois et 3 jours",Premiere Ligue des Champions avec Barca a 21 ans,sport,ldc,5,Lionel_Messi
Lionel Messi,1987-06-24,,AR,histoire-monde,contemporain,sport-football,2010-12-13,8573,23,5,20,"23 ans, 5 mois et 20 jours",Premier Ballon d'Or a 23 ans — debut d'une serie de 8,sport,distinction,5,Lionel_Messi
Lionel Messi,1987-06-24,,AR,histoire-monde,contemporain,sport-football,2012-03-07,9023,24,8,13,"24 ans, 8 mois et 13 jours",91 buts en une annee civile — record absolu du football,sport,record,5,Lionel_Messi
Lionel Messi,1987-06-24,,AR,histoire-monde,contemporain,sport-football,2021-07-10,12435,34,,17,"34 ans, 0 mois et 17 jours",Champion de Copa America avec l'Argentine a 34 ans — premier titre,sport,distinction,5,Lionel_Messi
Lionel Messi,1987-06-24,,AR,histoire-monde,contemporain,sport-football,2022-12-18,12961,35,5,25,"35 ans, 5 mois et 25 jours",Champion du Monde avec l'Argentine a 35 ans — consacration ultime,sport,coupe-monde,5,Lionel_Messi
Cristiano Ronaldo,1985-02-05,,PT,histoire-monde,contemporain,sport-football,2002-10-07,6456,17,8,3,"17 ans, 8 mois et 3 jours",Premiere apparition professionnelle avec le Sporting CP a 17 ans,sport,debut,4,Cristiano_Ronaldo
Cristiano Ronaldo,1985-02-05,,PT,histoire-monde,contemporain,sport-football,2003-08-12,6765,18,6,8,"18 ans, 6 mois et 8 jours",Signe a Manchester United a 18 ans — Alex Ferguson le recrute,sport,transfert,5,Cristiano_Ronaldo
Cristiano Ronaldo,1985-02-05,,PT,histoire-monde,contemporain,sport-football,2008-05-21,8509,23,3,17,"23 ans, 3 mois et 17 jours",Remporte la Ligue des Champions avec United a 23 ans,sport,ldc,5,Cristiano_Ronaldo
Cristiano Ronaldo,1985-02-05,,PT,histoire-monde,contemporain,sport-football,2009-07-01,8915,24,4,27,"24 ans, 4 mois et 27 jours",Transfert record au Real Madrid — 94 millions d'euros a 24 ans,sport,transfert,5,Cristiano_Ronaldo
Cristiano Ronaldo,1985-02-05,,PT,histoire-monde,contemporain,sport-football,2016-07-10,11481,31,5,6,"31 ans, 5 mois et 6 jours",Champion d'Europe avec le Portugal a 31 ans — seul titre national,sport,distinction,5,Cristiano_Ronaldo
Cristiano Ronaldo,1985-02-05,,PT,histoire-monde,contemporain,sport-football,2021-11-06,13426,36,9,3,"36 ans, 9 mois et 3 jours",800e but en carriere — record absolu du football mondial,sport,record,5,Cristiano_Ronaldo
